{
  "run_id": "20260223T224001Z",
  "run_name": "evaluate_pipeline",
  "timestamp_utc": "2026-02-23T22:40:04.784187+00:00",
  "num_eval_queries": 10,
  "top_k": 10,
  "mean_metrics": {
    "BM25 Baseline": {
      "ndcg@10": 0.8551721719198786,
      "mrr": 0.9,
      "recall@10": 0.9,
      "precision@10": 0.32
    },
    "Dense Retrieval": {
      "ndcg@10": 0.8621880300188884,
      "mrr": 0.9,
      "recall@10": 0.7833333333333334,
      "precision@10": 0.25000000000000006
    },
    "Hybrid Retrieval": {
      "ndcg@10": 0.8500712630019105,
      "mrr": 0.9,
      "recall@10": 0.8708333333333333,
      "precision@10": 0.3
    },
    "LambdaMART Ranked": {
      "ndcg@10": 0.47650962604677316,
      "mrr": 0.33666666666666667,
      "recall@10": 0.4458333333333333,
      "precision@10": 0.11000000000000001
    },
    "Personalized Ranking": {
      "ndcg@10": 0.47449960554923265,
      "mrr": 0.3325,
      "recall@10": 0.4458333333333333,
      "precision@10": 0.11000000000000001
    }
  }
}